Course Code,Prereq_1,Prereq_2,Prereq_3,Prereq_4,Prereq_5,Prereq_6,Prereq_7,Prereq_8,Prereq_9,Prereq_10,Prereq_11
ENGL 50,,,,,,,,,,,
ENGL 52,,,,,,,,,,,
ENGL 53,,,,,,,,,,,
ENGL 54,,,,,,,,,,,
ENGL 55,,,,,,,,,,,
ENGL 57,,,,,,,,,,,
ENGL 58,,,,,,,,,,,
ENGL 59,,,,,,,,,,,
ENGL 63,,,,,,,,,,,
ENGL 66,,,,,,,,,,,
ENGL 69,,,,,,,,,,,
ENGL 70,,,,,,,,,,,
ENGL 71,,,,,,,,,,,
ENGL 72,,,,,,,,,,,
ENGL 73,,,,,,,,,,,
ENGL 74,,,,,,,,,,,
ENGL 75,,,,,,,,,,,
ENGL 76H,,,,,,,,,,,
ENGL 79,,,,,,,,,,,
ENGL 81,,,,,,,,,,,
ENGL 85,,,,,,,,,,,
ENGL 86,,,,,,,,,,,
ENGL 87,,,,,,,,,,,
ENGL 88,,,,,,,,,,,
ENGL 89,,,,,,,,,,,
ENGL 100,,,,,,,,,,,
ENGL 105,,,,,,,,,,,
ENGL 105I,,,,,,,,,,,
ENGL 113,,,,,,,,,,,
ENGL 114,,,,,,,,,,,
ENGL 115,,,,,,,,,,,
ENGL 116,,,,,,,,,,,
ENGL 117,,,,,,,,,,,
ENGL 118,,,,,,,,,,,
ENGL 119,,,,,,,,,,,
ENGL 120,,,,,,,,,,,
ENGL 121,,,,,,,,,,,
ENGL 122,,,,,,,,,,,
ENGL 123,,,,,,,,,,,
ENGL 124,,,,,,,,,,,
ENGL 125,,,,,,,,,,,
ENGL 126,,,,,,,,,,,
ENGL 127,,,,,,,,,,,
ENGL 128,,,,,,,,,,,
ENGL 129,,,,,,,,,,,
ENGL 130,,,,,,,,,,,
ENGL 131,,,,,,,,,,,
ENGL 132H,,,,,,,,,,,
ENGL 133H,,,,,,,,,,,
ENGL 134H,,,,,,,,,,,
ENGL 135H,,,,,,,,,,,
ENGL 136,,,,,,,,,,,
ENGL 137,,,,,,,,,,,
ENGL 138,,,,,,,,,,,
ENGL 140,,,,,,,,,,,
ENGL 141,,,,,,,,,,,
ENGL 142,,,,,,,,,,,
ENGL 143,,,,,,,,,,,
ENGL 144,,,,,,,,,,,
ENGL 146,,,,,,,,,,,
ENGL 147,,,,,,,,,,,
ENGL 148,,,,,,,,,,,
ENGL 149,,,,,,,,,,,
ENGL 150,,,,,,,,,,,
ENGL 151,,,,,,,,,,,
ENGL 152,,,,,,,,,,,
ENGL 153,,,,,,,,,,,
ENGL 154,,,,,,,,,,,
ENGL 155,,,,,,,,,,,
ENGL 158,,,,,,,,,,,
ENGL 161,,,,,,,,,,,
ENGL 163,,,,,,,,,,,
ENGL 164,,,,,,,,,,,
ENGL 184,,,,,,,,,,,
ENGL 190,,,,,,,,,,,
ENGL 191,,,,,,,,,,,
ENGL 202,,,,,,,,,,,
ENGL 206,ENGL 130,ENGL 132H,ENGL 130,ENGL 132H,,,,,,,
ENGL 207,ENGL 131,ENGL 133H,ENGL 131,ENGL 133H,,,,,,,
ENGL 208,ENGL 130,ENGL 131,ENGL 132H,ENGL 133H,ENGL 138,,,,,,
ENGL 210,ENGL 130,ENGL 132H,,,,,,,,,
ENGL 211,ENGL 130,ENGL 132H,,,,,,,,,
ENGL 213,,,,,,,,,,,
ENGL 215,,,,,,,,,,,
ENGL 218,,,,,,,,,,,
ENGL 219,,,,,,,,,,,
ENGL 220,,,,,,,,,,,
ENGL 221,,,,,,,,,,,
ENGL 223,,,,,,,,,,,
ENGL 224,,,,,,,,,,,
ENGL 225,,,,,,,,,,,
ENGL 226,,,,,,,,,,,
ENGL 227,,,,,,,,,,,
ENGL 228,,,,,,,,,,,
ENGL 230,,,,,,,,,,,
ENGL 232,,,,,,,,,,,
ENGL 233,,,,,,,,,,,
ENGL 234,,,,,,,,,,,
ENGL 235,,,,,,,,,,,
ENGL 236,,,,,,,,,,,
ENGL 237,,,,,,,,,,,
ENGL 238,,,,,,,,,,,
ENGL 239,,,,,,,,,,,
ENGL 240,,,,,,,,,,,
ENGL 241,,,,,,,,,,,
ENGL 242,,,,,,,,,,,
ENGL 243,,,,,,,,,,,
ENGL 244,,,,,,,,,,,
ENGL 248,,,,,,,,,,,
ENGL 249,,,,,,,,,,,
ENGL 250,,,,,,,,,,,
ENGL 251,,,,,,,,,,,
ENGL 252,,,,,,,,,,,
ENGL 253,,,,,,,,,,,
ENGL 255,,,,,,,,,,,
ENGL 256,,,,,,,,,,,
ENGL 257,,,,,,,,,,,
ENGL 261,,,,,,,,,,,
ENGL 263,,,,,,,,,,,
ENGL 264,,,,,,,,,,,
ENGL 265,,,,,,,,,,,
ENGL 266,,,,,,,,,,,
ENGL 267,,,,,,,,,,,
ENGL 268,,,,,,,,,,,
ENGL 269,,,,,,,,,,,
ENGL 270,,,,,,,,,,,
ENGL 271,,,,,,,,,,,
ENGL 272,,,,,,,,,,,
ENGL 274,,,,,,,,,,,
ENGL 278,,,,,,,,,,,
ENGL 279,,,,,,,,,,,
ENGL 282,,,,,,,,,,,
ENGL 283,,,,,,,,,,,
ENGL 284,,,,,,,,,,,
ENGL 288,,,,,,,,,,,
ENGL 289,,,,,,,,,,,
ENGL 290,,,,,,,,,,,
ENGL 291,,,,,,,,,,,
ENGL 292,,,,,,,,,,,
ENGL 293,,,,,,,,,,,
ENGL 295,,,,,,,,,,,
ENGL 300,,,,,,,,,,,
ENGL 300I,,,,,,,,,,,
ENGL 301,,,,,,,,,,,
ENGL 302,,,,,,,,,,,
ENGL 303,,,,,,,,,,,
ENGL 304,,,,,,,,,,,
ENGL 305,,,,,,,,,,,
ENGL 306,ENGL 130,ENGL 131,ENGL 132H,ENGL 133H,,,,,,,
ENGL 307,ENGL 130,ENGL 131,ENGL 132H,ENGL 133H,,,,,,,
ENGL 308,,,,,,,,,,,
ENGL 310,,,,,,,,,,,
ENGL 312,ENGL 105,ENGL 105I,,,,,,,,,
ENGL 317,,,,,,,,,,,
ENGL 318,,,,,,,,,,,
ENGL 323,,,,,,,,,,,
ENGL 324,,,,,,,,,,,
ENGL 325,,,,,,,,,,,
ENGL 327,,,,,,,,,,,
ENGL 329,,,,,,,,,,,
ENGL 330,,,,,,,,,,,
ENGL 331,,,,,,,,,,,
ENGL 337,,,,,,,,,,,
ENGL 341,,,,,,,,,,,
ENGL 346,ENGL 105,ENGL 105I,,,,,,,,,
ENGL 351,ENGL 130,ENGL 131,ENGL 132H,ENGL 133H,ENGL 138,,,,,,
ENGL 356,,,,,,,,,,,
ENGL 357,,,,,,,,,,,
ENGL 358,,,,,,,,,,,
ENGL 359,,,,,,,,,,,
ENGL 360,,,,,,,,,,,
ENGL 361,,,,,,,,,,,
ENGL 362,,,,,,,,,,,
ENGL 363,,,,,,,,,,,
ENGL 365H,,,,,,,,,,,
ENGL 367,,,,,,,,,,,
ENGL 368,,,,,,,,,,,
ENGL 369,,,,,,,,,,,
ENGL 370,,,,,,,,,,,
ENGL 371,,,,,,,,,,,
ENGL 373,,,,,,,,,,,
ENGL 374,,,,,,,,,,,
ENGL 377,,,,,,,,,,,
ENGL 378,,,,,,,,,,,
ENGL 380,,,,,,,,,,,
ENGL 381,,,,,,,,,,,
ENGL 382,,,,,,,,,,,
ENGL 384,,,,,,,,,,,
ENGL 385,,,,,,,,,,,
ENGL 386,,,,,,,,,,,
ENGL 387,,,,,,,,,,,
ENGL 388,,,,,,,,,,,
ENGL 389,,,,,,,,,,,
ENGL 390,,,,,,,,,,,
ENGL 392,,,,,,,,,,,
ENGL 396,,,,,,,,,,,
ENGL 399,,,,,,,,,,,
ENGL 400,,,,,,,,,,,
ENGL 402,,,,,,,,,,,
ENGL 403,,,,,,,,,,,
ENGL 404,ENGL 138,ENGL 208,,,,,,,,,
ENGL 406,ENGL 206,,,,,,,,,,
ENGL 407,ENGL 207,,,,,,,,,,
ENGL 408,,,,,,,,,,,
ENGL 409,,,,,,,,,,,
ENGL 410,,,,,,,,,,,
ENGL 411,,,,,,,,,,,
ENGL 425,,,,,,,,,,,
ENGL 430,,,,,,,,,,,
ENGL 437,,,,,,,,,,,
ENGL 443,,,,,,,,,,,
ENGL 444,,,,,,,,,,,
ENGL 445,,,,,,,,,,,
ENGL 446,,,,,,,,,,,
ENGL 447,,,,,,,,,,,
ENGL 466,,,,,,,,,,,
ENGL 467,,,,,,,,,,,
ENGL 472,,,,,,,,,,,
ENGL 473,,,,,,,,,,,
ENGL 475,,,,,,,,,,,
ENGL 480,,,,,,,,,,,
ENGL 482,,,,,,,,,,,
ENGL 487,,,,,,,,,,,
ENGL 488,,,,,,,,,,,
ENGL 489,,,,,,,,,,,
ENGL 490,,,,,,,,,,,
ENGL 494,,,,,,,,,,,
ENGL 495,,,,,,,,,,,
ENGL 564,,,,,,,,,,,
ENGL 583,,,,,,,,,,,
ENGL 593,ENGL 695,ENGL 763,ENGL 268,,,,,,,,
ENGL 610,ENGL 268,,,,,,,,,,
ENGL 611,,,,,,,,,,,
ENGL 619,,,,,,,,,,,
ENGL 620,,,,,,,,,,,
ENGL 621,,,,,,,,,,,
ENGL 630,,,,,,,,,,,
ENGL 638,,,,,,,,,,,
ENGL 659,,,,,,,,,,,
ENGL 660,,,,,,,,,,,
ENGL 661,,,,,,,,,,,
ENGL 662,,,,,,,,,,,
ENGL 665,,,,,,,,,,,
ENGL 666,,,,,,,,,,,
ENGL 670,,,,,,,,,,,
ENGL 674,,,,,,,,,,,
ENGL 675,,,,,,,,,,,
ENGL 676,,,,,,,,,,,
ENGL 680,,,,,,,,,,,
ENGL 681,,,,,,,,,,,
ENGL 685,,,,,,,,,,,
ENGL 687,,,,,,,,,,,
ENGL 690,,,,,,,,,,,
ENGL 691H,,,,,,,,,,,
ENGL 692H,,,,,,,,,,,
ENGL 693H,ENGL 130,ENGL 131,ENGL 132H,ENGL 133H,ENGL 138,ENGL 206,ENGL 207,ENGL 208,ENGL 404,ENGL 406,ENGL 407
ENGL 694H,ENGL 693H,,,,,,,,,,
ENGL 695,,,,,,,,,,,
ENGL 701,,,,,,,,,,,
ENGL 706,,,,,,,,,,,
ENGL 709,,,,,,,,,,,
ENGL 719,,,,,,,,,,,
ENGL 720,,,,,,,,,,,
ENGL 723,,,,,,,,,,,
ENGL 724,,,,,,,,,,,
ENGL 747,,,,,,,,,,,
ENGL 748,,,,,,,,,,,
ENGL 762,,,,,,,,,,,
ENGL 763,,,,,,,,,,,
ENGL 764,,,,,,,,,,,
ENGL 776,,,,,,,,,,,
ENGL 777,ENGL 776,,,,,,,,,,
ENGL 781,,,,,,,,,,,
ENGL 783,,,,,,,,,,,
ENGL 784,,,,,,,,,,,
ENGL 785,,,,,,,,,,,
ENGL 786,,,,,,,,,,,
ENGL 801,,,,,,,,,,,
ENGL 805,,,,,,,,,,,
ENGL 814,,,,,,,,,,,
ENGL 819,,,,,,,,,,,
ENGL 821,,,,,,,,,,,
ENGL 825,,,,,,,,,,,
ENGL 827,,,,,,,,,,,
ENGL 828,,,,,,,,,,,
ENGL 829,,,,,,,,,,,
ENGL 830,,,,,,,,,,,
ENGL 831,,,,,,,,,,,
ENGL 835,,,,,,,,,,,
ENGL 837,,,,,,,,,,,
ENGL 838,,,,,,,,,,,
ENGL 840,,,,,,,,,,,
ENGL 841,,,,,,,,,,,
ENGL 842,,,,,,,,,,,
ENGL 843,,,,,,,,,,,
ENGL 844,,,,,,,,,,,
ENGL 847,,,,,,,,,,,
ENGL 850,,,,,,,,,,,
ENGL 852,,,,,,,,,,,
ENGL 857,,,,,,,,,,,
ENGL 858,,,,,,,,,,,
ENGL 860,,,,,,,,,,,
ENGL 861,,,,,,,,,,,
ENGL 862,,,,,,,,,,,
ENGL 863,,,,,,,,,,,
ENGL 864,,,,,,,,,,,
ENGL 868,,,,,,,,,,,
ENGL 871,,,,,,,,,,,
ENGL 872,,,,,,,,,,,
ENGL 874,,,,,,,,,,,
ENGL 875,,,,,,,,,,,
ENGL 876,,,,,,,,,,,
ENGL 877,ENGL 876,,,,,,,,,,
ENGL 880,,,,,,,,,,,
ENGL 881,,,,,,,,,,,
ENGL 886,,,,,,,,,,,
ENGL 990,,,,,,,,,,,
ENGL 992,,,,,,,,,,,
ENGL 993,,,,,,,,,,,
ENGL 994,,,,,,,,,,,
